customer_id;customer_name
1;Jale Şen
2;Ali Kandemir
3;Mahmut Çevik
4;Mansur Kürşad Erkuran
5;Gamze Tüten
6;Miraç Öztürk
7;Yücel Yüzbaşıoğlu
8;Kubilay Vural
9;Hayati Yücel
10;Bedriye Müge Sönmez
11;Birsen Ertekin
12;Serdal Dede
13;Bünyamin Uyanık
14;Özgür Aslan
15;Ferdi Akbulut
16;Reyhan Orhon
17;İlhan Uz
18;Gülşah Yavuz
19;Nalan Erdem
20;Semih Kulaç
21;Ergün Kaya
22;Fatih Selvi
23;Şenay Akpınar
24;Serkan Abacıoğlu
25;Emre Çay
26;Bahattin Işık
27;Irazca Özer
28;Hatice Özdemir
29;Barış Öztürk
30;Rezan Terim
31;Fatih Büyükcam
32;Fuat Kulaksız
33;Gökhan Aksel
34;Orhan Eroğlu
35;Mehmet Karakum
36;Evren Dal
37;Oktay Öcal
38;Harun Ayhan
39;Yavuz Yiğit
40;Pınar Yarbil
41;Mehmet Canacankatan
42;Umut Gümüşay
43;Mesude Murt
44;Hüseyin Cahit Halhallı
45;Haşim Onur Uluöz
46;Eyüp Sabri Şeyhanlı
47;Mustafa Çalışkantürk
48;Mustafa Yılmaz
49;Ufuk Saraçoğlu
50;Ahmet Ali Sezer
51;Mediha Doğan
52;Hasan Demir
53;Kamil Kayayurt
54;Nebi Sürüm
55;Özcan Yavaşi
56;Nagihan Turgut
57;Ceren Şen Tanrıkulu
58;Serkan Barbaros
59;Hasan Aldinç
60;Yusuf Kenan Tekin
61;Çetin Gülşan
62;Tarkan Küfeciler
63;Meral Leman Almacıoğlu
64;Ergün Çildir
65;Kenan Ahmet Türkdoğan
66;Ural Kaya
67;Yahya Öner
68;Bengü Şeliman
69;Fatih Nazmi Yaman
70;Dilek Can
71;Mehmet Yiğit
72;Tufan Akın Giray
73;Mehmet Yalçınkaya
74;Turgay Yılmaz Kılıç
75;Güldehen Şentürk
76;Gökmen Karabağ
77;Bülent Değirmenci
78;Erol Boduroğlu
79;Bahri Yıldız
80;Özen Özlem Güler
81;Selma Eraslan
82;Tuğsem Üzer
83;Teslime Nazlı Pişirgen
84;Gülçin Adanır
85;İsmail Koç
86;Murat Korkmaz
87;Ebru Yenidoğan
88;Tümay Aydoğan
89;Ahmet Acarbulut
90;Ebru Erge
91;Hüseyin Yavuz Erdoğan
92;Başak Öğüt Aydın
93;Ayşegül Kuşku
94;Evrim Kucur Tülübaş
95;Yaser Pektaş
96;Ülkü Kayacan
97;Özhan Gülen
98;Ufuk Doğan
99;Aksel Aydın Köseoğlu
100;Fulya Gülen Akküçük
101;Burcu Candan
102;Taylan Temel
103;Yılmaz Yenigün
104;Zeynep Yıldırım
105;Bayram Beder
106;Gülay Akıncı
107;Rabia Özdemir
108;Sevda Onuk
109;Serhat Aydoğan
110;Engin Yılmaz
111;Aslı Akcan Atasoy
112;Tuba Saraçoğlu Çekiç
113;Barış Cömert
114;Sevgi Topal
115;Kalender Karahan
116;Halil Şahin
117;Bilge Çetin
118;Ferda Yılmaz İnal
119;Ezgi Aytaç
120;Aysun Yıldız Altun
121;Seda Kişi
122;Özlem Gündüz
123;Özden Özkurt Pürcü
124;Koray Ak
125;Senem Urfalı
126;Zeynep Karaman
127;Emel Memetoğlu
128;Baturay Kansu Kazbek
129;Nuray Kireççi
130;Aydoğan Akın
131;Özlem Yadigaroğlu
132;Deniz Yüksel
133;İlknur Özçelik Oral
134;Tevfik Özgün Babuş
135;Hasan Serkan Kaplan
136;Kürşat Aköz
137;Seyfi Kartal
138;Şeyma Bilgiç
139;Özlem Erden
140;Ersagun Tuğcugil
141;Dilber Kumral
142;Mesut Erbaş
143;Elif Oral
144;Muhammet Fatih Kılaç
145;Özgür Sinan Cengiz
146;Mehmet Özgür Yıldırım
147;Mahperi Kutlucan Bağcı
148;Onur Balaban
149;İbrahim Kaya
150;Fatih Balcı
151;Sevil Tüfekçi
152;Süheyla Atay
153;Volkan Yarar
154;İlkay Sever
155;İlknur Yıldırım
156;Zümrüt Ela Arslan Kaşdoğan
157;Hale Arkan
158;Yener Tutaş
159;Sedef Öztürk
160;Fadıl Havas
161;Serpil Ortaç
162;Zülfiye Yıldız
163;Sultan Soykamer
164;Muammer Hayri Bektaş
165;Derviş Berk
166;Yaşar Gökhan Gül
167;Tuba Hanım Gedik Yılmaz
168;Mehri Cengiz
169;Mustafa Ferhat Çolak
170;Serdar Bulut
171;Mustafa Ersagun Sarı
172;Onat Akyol
173;Şükrü Bağcık
174;Olcay Başak Kutluyurdu
175;Serdar Demirgan
176;Yıldız Yiğit Kuplay
177;Aydın Gerilmez
178;Ali Haluk Düzkalır
179;Nihat Berkay Köksoy
180;Berkay Ersoy
181;Aykan Akar
182;Selçuk Özdoğan
183;Mehmet Tönge
184;Nezih Yasa
185;Mustafa Önvermez
186;Timur Yıldırım
187;Erhan Biçer
188;Mustafa Karademir
189;Mutlu Alımlı
190;Mehmet Hüseyin Akgül
191;İsmail Evren Hancıoğlu
192;Osman Ersegun Batçık
193;Mehmet Olpak
194;Elif Bolat
195;Serkan Arslan
196;Mesut Siğa
197;Mehmet Hilmi Mercan
198;Asudan Tuğçe Bozkurter
199;Ahmet Gökhan Güler
200;Başak Erginel
201;Ceyhan Şahin
202;Tayyip Kadak
203;Esin Güney Kocabaş
204;Gökçe Demir Aydın
205;Evrim Hepkaya
206;Yasin Bayram
207;Saliha Kanık Yüksek
208;Deniz Kulak Gedik
209;Belgin Akcan Paksoy
210;Özlem Eser
211;Gonca Kılıç Yıldırım
212;Esra Gider
213;Seçkin Kurt
214;Esra Ellialtı
215;Fatih Demirtaş
216;Mustafa Arga
217;Fevziye Başkan Vuralkan
218;Mustafa Arif Aluçlu
219;Birgül Mutlu
220;Özlem Şatır Ertem
221;Özlem Engiz
222;Funda Çipe
223;Berfin Uysal
224;Demet Başer
225;Sonay Arslan
226;Serçin Gözkaya
227;Almala Pınar Ulutaş
228;Ümit Pirim
229;Senem Üstün
230;Deniz Kızmazoğlu
231;Münever Uluba
232;Hatice Arslan
233;Özlem Karaoğlu
234;Özlem Özsoy
235;Ali Seçkin Yalçın
236;Coşkun Saf
237;Özge Vural
238;Zeliha Demirtaş
239;Pınar Gençpınar
240;Aybüke Akaslan
241;Hasibe Akalın
242;Gürkan Atay
243;Zühal Önder Siviş
244;Nazım Baymak
245;Zeynep Atay
246;Osman Güvenç
247;Ayla Akca Çağlar
248;Beyza Özcan
249;Elif Erdem Özcan
250;Eray Başman
251;Diana Yanni
252;Tuba Ünal
253;Semra Gündoğdu
254;Velat Çelik
255;Belgin Emine Usta Güç
256;Sibel Tanrıverdi Yılmaz
257;Celal Taşkın
258;Benhur Şirvan Çetin
259;Dilek Yılmaz Çiftdoğan
260;Hande Gazeteci Tekin
261;Şahabettin Sari
262;Miray Karakoyun
263;Zerrin Karakuş Epçaçan
264;İlknur Ekici
265;Elif Aydıner
266;Mümtaz Aktaş
267;Tuğba Belgemen
268;Dilek Çetin
269;Mehmet Burhan Oflaz
270;Fuat Yener
271;Nihal Baysoy
272;Ayşegül Bükülmez
273;Sema Yılmaz
274;Zafer Bıçakçı
275;Nursel Kara
276;Gülperi Timurtaş Dayar
277;Bilge Ateş
278;Fatih Binboğa
279;Cengiz Kızıltepe
280;Simge Kaya
281;Sema Nilay Abseyi
282;Emine Amirova Uçan
283;Rifat Can Öztürk
284;Sinan Taş
285;Latife Ceylan
286;Mehmet Kılıç
287;Nurdan Erol
288;Meltem Tayfun
289;Ülkühan Kaya
290;Hasan Karakurt
291;Gülden Budunoğlu
292;Samet Özer
293;Berna Saygın
294;Özlem Eryavuz
295;Nafiye Polat Çiçek
296;Kenan Yılmaz
297;Serkan Fazlı Çelik
298;Nursel Ünsal
299;Abdullah Alpınar
300;Ergül Cindemir
301;Hasan Akduman
302;Mustafa Uyar
303;Sebahat Tülpar
304;Emine Azak
305;Erdal Eren
306;Leziz Gözcü
307;Birsen Baysal
308;Tuba Tuncel
309;Ayşen Çetemen
310;Ebru Yılmaz
311;Tayfur Giniş
312;Meltem Uzun
313;Serhat Nasıroğlu
314;Aycan Özden Sezgin
315;Elif Öztürk
316;Sevgül Yıldırım
317;Selda Uzun
318;Işıl Bulur
319;Sibel Duysak
320;Jülide Zehra Yenin
321;Beril Gülüş Demirel
322;İnci Sak
323;Engin Kocabaş
324;Gülbahar Saraç
325;Kaan Alkurt Kayıkçı
326;Nurdan Yurt
327;Hande İlkay
328;Öznur Tavşan
329;Handan Alay
330;Osman Turgut Ertem
331;Emin Tonyukuk Özel
332;Nejdet Genç
333;Mustafa Uğuz
334;Güliz Evik
335;İpek Genç Talas
336;Nihal Eker
337;Melda Çimen
338;Derya Çırakoğlu
339;Demet Demir Göçmen
340;Mahmut Alpaycı
341;Emel Ak
342;Öznur Çelik
343;Songül Ercan
344;Resa Altun
345;Gamze Kılıç
346;Ümit Sarp
347;Deniz Söker
348;Muammer Müslim Köse
349;Ömer Faruk Barçak
350;Tuğçe Özekli Mısırlıoğlu
351;Veli Enes Bolaç
352;Zahide Aslanalp
353;Nurettin İrem Örnek
354;Sedat Akdoğan
355;Remziye Özçelik
356;Sibel Ertürkler
357;İlknur Saral
358;Yasemin Özkan
359;Aylin Demirhan
360;Emel Aslankara
361;Emel Cennet Emlakçıoğlu
362;Şafak Öztürk
363;Metin Eser
364;Süleyman Öden
365;Mukaddes Demiray
366;Barış Ayhan
367;Mehmet Ali Yağcı
368;Tevfik Avcı
369;Serdar Baygeldi
370;Emine Büküm
371;Mürşit Dincer
372;Mutlu Doğan
373;Feza Ekiz
374;İbrahim Tayfun Şahiner
375;Serkan Şengül
376;Ahmet Serkan İlgün
377;Fatma Aşık
378;Berker Özkan
379;Serdar Şirzai
380;Kubilay Öcalan
381;Erkan Aksu
382;Kerim Tülüce
383;İlknur Aytekin
384;Serkan Kaya
385;Mustafa Düger
386;Rukiye Metineren
387;Gökten Bulut
388;Sezgi Şahin Duyar
389;Tuğba Çetin
390;Murat Bölük
391;Hatice Gözaçan
392;Hatice Eylül Bozkurt
393;Ayşe Gül Öney Kurnaz
394;Nevin Ay Güney
395;Sezen Köylü
396;Kezban Özmen Süner
397;Aysel Talan
398;Talha Dumlu
399;Duygu Özge Zorlu Karayiğit
400;Gözde Köycü
401;Fırat Uygur
402;Ebru İmamoğlu
403;Gülen Ece Topaloğlu
404;Sibel Ayık
405;Fulya Demir
406;Vedat Erdem
407;Harun Karamanlı
408;Filiz Sadi Aykan
409;Nuray Oktay
410;Şirin Yurtlu
411;Özlem Salman Sever
412;Burcu Cirit Koçer
413;Pınar Sorgun Evcili
414;Hatun Nurçin
415;Ceyda Başkan
416;Burcu Kazancı
417;Ayşe Kıyak Yılmaz
418;Alper Mete
419;Feyza Uzun
420;Hacı Murat Sağdık
421;Mücella Arıkan Yorgun
422;Feyzahan Ekici
423;Şenay Kesim
424;Merih Gül
425;Yusuf Yıldırım
426;Arda Karagöz
427;Evre Pekel
428;Konuralp Yakar
429;Kıvanç Tarlan
430;Emine Çatak
431;Volkan Çetinkor
432;Nihat Sayın
433;Rengin Aslıhan Kurt
434;Emre Gümüş
435;Arife Esra Kocakaya Altundal
436;Sedat Özmen
437;Murat Günay
438;Cem Dalan
439;Erhan Dilek
440;Ömür Demirtaş
441;Umut Can Kurtuluş
442;Bedrettin Karpuzoğlu
443;Damla Ergintürk Acar
444;Müslim Beyoğlu
445;Abdulkadir Sulhan
446;Saadet Arslan
447;Rezzan Nuhveren
448;Sedat Avcıoğlu
449;İbrahim Ahıskalı
450;Leyla Asena
451;Tülay Karacan Erşekerci
452;Ekrem Gölemez
453;Yeliz Yıldırım
454;Özgül Tohumoğlu
455;Hale Çelik
456;Berçem Bozarslan
457;Mustafa Köşker
458;Tuba Çelik
459;Sabahattin Kılıçdaroğlu
460;Şafak Korkmaz
461;Evrim Tarkan
462;Reşat Duman
463;Mumun Hodjaoglu
464;Funda Özlem Ballı
465;Nur Şatıroğlu
466;Mete Önde
467;Tülay Lağarlı
468;Özlem Özçay
469;Hatice Nilden Arslan
470;Meltem Akdemir
471;Eda Gündeş
472;Meltem Akın
473;Mustafa Demiröz
474;Yurdun Kuyucu
475;Sema Selçuk
476;Tuba İnce
477;Serpil Ergülü Eşmen
478;Cenk Gökalp
479;Taner Babacan
480;Zekeriya Ülger
481;Emrah Safa Ayvaz
482;Tuğrul Elverdi
483;Yücel Aydın
484;Esma Özlem Demirel
485;Ahmet Cimbek
486;Sevde Nur Fırat
487;Sami Bahçebaşı
488;Gamze Dam
489;Gülsüm Köroğlu
490;Serhat Özçelik
491;Barış Karaca
492;Gülseren Seven
493;Sultan Özkurt
494;İlker Altun
495;Deram Büyüktaş
496;Ahmet Sertkaya
497;Bala Başak Öven Ustaalioğlu
498;Fevzi Yalnız
499;Gözde Savaş
500;Ferhan Yılmaz
501;Fatih Altaylı
502;Süleyman Erdoğan
503;Celal Şengör
504;Emrah Safa Gürkan
505;Bedrettin Dalan
506;Ekrem Orhon
507;Demet Akalın
508;Serdar Ortaç
509;Fevzi Terim
510;Ebru Gündeş
511;Sezen Aksu
512;Hande Yener
513;Sibel Can
514;İlknur Şen
515;Yasemin Kandemir
516;Aylin Çevik
517;Emel Erkuran
518;Emel Cennet Tüten
519;Şafak Öztürk
520;Metin Yüzbaşıoğlu
521;Süleyman Vural
522;Mukaddes Yücel
523;Barış Sönmez
524;Mehmet Ali Ertekin
525;Tevfik Dede
526;Serdar Uyanık
527;Emine Aslan
528;Mürşit Akbulut
529;Mutlu Orhon
530;Feza Uz
531;İbrahim Tayfun Yavuz
532;Serkan Erdem
533;Ahmet Serkan Zorlu Karayiğit
534;Fatma Köycü
535;Berker Uygur
536;Serdar İmamoğlu
537;Kubilay Topaloğlu
538;Erkan Ayık
539;Kerim Demir
540;İlknur Erdem
541;Serkan Karamanlı
542;Mustafa Sadi Aykan
543;Rukiye Oktay
544;Gökten Yurtlu
545;Sezgi Salman Sever
546;Tuğba Cirit Koçer
547;Murat Sorgun Evcili
548;Hatice Nurçin
549;Hatice Eylül Başkan
550;Ayşe Gül Kazancı
551;Nevin Kıyak Yılmaz
552;Sezen Mete
553;Jale Uzun
554;Ali Sağdık
555;Mahmut Arıkan Yorgun
556;Mansur Kürşad Ekici
557;Gamze Kesim
558;Miraç Gül
559;Yücel Yıldırım
560;Kubilay Karagöz
561;Hayati Pekel
562;Bedriye Müge Yakar
563;Birsen Tarlan
564;Serdal Çatak
565;Bünyamin Çetinkor
566;Özgür Sayın
567;Ferdi Kurt
568;Reyhan Gümüş
569;İlhan Kocakaya Altundal
570;Gülşah Özmen
571;Nalan Günay
572;Semih Dalan
573;Ergün Dilek
574;Fatih Demirtaş
575;Şenay Kurtuluş
576;Serkan Karpuzoğlu
577;Emre Ergintürk Acar
578;Bahattin Beyoğlu
579;Irazca Sulhan
580;Hatice Arslan
581;Barış Nuhveren
582;Rezan Avcıoğlu
583;Fatih Ahıskalı
584;Fuat Asena
585;Gökhan Karacan Erşekerci
586;Orhan Gölemez
587;Mehmet Yıldırım
588;Evren Tohumoğlu
589;Oktay Çelik
590;Harun Bozarslan
591;Yavuz Köşker
592;Pınar Çelik
593;Mehmet Kılıçdaroğlu
594;Umut Korkmaz
595;Mesude Tarkan
596;Hüseyin Cahit Duman
597;Haşim Onur Hodjaoglu
598;Eyüp Sabri Ballı
599;Mustafa Şatıroğlu
600;Mustafa Önde
601;Ufuk Lağarlı
602;Ahmet Ali Özçay
603;Mediha Arslan
604;Hasan Akdemir
605;Kamil Gündeş
606;Nebi Akın
607;Özcan Demiröz
608;Nagihan Kuyucu
609;Ceren Selçuk
610;Serkan İnce
611;Hasan Ergülü Eşmen
612;Yusuf Kenan Gökalp
613;Çetin Babacan
614;Tarkan Ülger
615;Meral Leman Ayvaz
616;Ergün Elverdi
617;Kenan Ahmet Aydın
618;Ural Demirel
619;Yahya Cimbek
620;Bengü Fırat
621;Fatih Nazmi Bahçebaşı
622;Dilek Dam
623;Mehmet Köroğlu
624;Tufan Akın Özçelik
625;Mehmet Karaca
626;Turgay Yılmaz Seven
627;Güldehen Özkurt
628;Gökmen Altun
629;Bülent Büyüktaş
630;Erol Sertkaya
631;Bahri Öven Ustaalioğlu
632;Özen Özlem Yalnız
633;Selma Savaş
634;Tuğsem Alpınar
635;Teslime Nazlı Cindemir
636;Gülçin Akduman
637;İsmail Uyar
638;Murat Tülpar
639;Ebru Azak
640;Tümay Eren
641;Ahmet Gözcü
642;Ebru Baysal
643;Hüseyin Yavuz Tuncel
644;Başak Çetemen
645;Ayşegül Yılmaz
646;Evrim Giniş
647;Yaser Uzun
648;Ülkü Nasıroğlu
649;Özhan Sezgin
650;Ufuk Öztürk
651;Aksel Yıldırım
652;Fulya Uzun
653;Burcu Bulur
654;Taylan Duysak
655;Yılmaz Yenin
656;Zeynep Demirel
657;Bayram Sak
658;Gülay Kocabaş
659;Rabia Saraç
660;Sevda Alkurt Kayıkçı
661;Serhat Yurt
662;Engin İlkay
663;Aslı Tavşan
664;Tuba Alay
665;Barış Ertem
666;Sevgi Özel
667;Kalender Genç
668;Halil Uğuz
669;Bilge Evik
670;Ferda Genç Talas
671;Ezgi Eker
672;Aysun Çimen
673;Seda Çırakoğlu
674;Özlem Demir Göçmen
675;Özden Alpaycı
676;Koray Ak
677;Senem Çelik
678;Zeynep Ercan
679;Emel Altun
680;Baturay Kansu Kılıç
681;Nuray Sarp
682;Aydoğan Söker
683;Özlem Köse
684;Deniz Barçak
685;İlknur Özekli Mısırlıoğlu
686;Tevfik Özgün Bolaç
687;Hasan Serkan Aslanalp
688;Kürşat Örnek
689;Seyfi Akdoğan
690;Şeyma Özçelik
691;Özlem Ertürkler
692;Ersagun Saral
693;Dilber Özkan
694;Mesut Demirhan
695;Elif Aslankara
696;Muhammet Fatih Emlakçıoğlu
697;Özgür Sinan Öztürk
698;Mehmet Özgür Eser
699;Mahperi Öden
700;Onur Demiray
701;İbrahim Ayhan
702;Fatih Yağcı
703;Sevil Avcı
704;Süheyla Baygeldi
705;Volkan Büküm
706;İlkay Dincer
707;İlknur Doğan
708;Zümrüt Ela Ekiz
709;Hale Şahiner
710;Yener Şengül
711;Sedef İlgün
712;Fadıl Aşık
713;Serpil Özkan
714;Zülfiye Şirzai
715;Sultan Öcalan
716;Muammer Hayri Aksu
717;Derviş Tülüce
718;Yaşar Gökhan Aytekin
719;Tuba Hanım Kaya
720;Mehri Düger
721;Mustafa Ferhat Metineren
722;Serdar Bulut
723;Mustafa Ersagun Şahin Duyar
724;Onat Çetin
725;Şükrü Bölük
726;Olcay Başak Gözaçan
727;Serdar Bozkurt
728;Yıldız Öney Kurnaz
729;Aydın Ay Güney
730;Ali Haluk Köylü
731;Nihat Berkay Özmen Süner
732;Berkay Talan
733;Aykan Dumlu
734;Selçuk Kulaç
735;Mehmet Kaya
736;Nezih Selvi
737;Mustafa Akpınar
738;Timur Abacıoğlu
739;Erhan Çay
740;Mustafa Işık
741;Mutlu Özer
742;Mehmet Hüseyin Özdemir
743;İsmail Evren Öztürk
744;Osman Ersegun Terim
745;Mehmet Büyükcam
746;Elif Kulaksız
747;Serkan Aksel
748;Mesut Eroğlu
749;Mehmet Hilmi Karakum
750;Asudan Tuğçe Dal
751;Ahmet Gökhan Öcal
752;Başak Ayhan
753;Ceyhan Yiğit
754;Tayyip Yarbil
755;Esin Canacankatan
756;Gökçe Gümüşay
757;Evrim Murt
758;Yasin Halhallı
759;Saliha Uluöz
760;Deniz Şeyhanlı
761;Belgin Çalışkantürk
762;Özlem Yılmaz
763;Gonca Saraçoğlu
764;Esra Sezer
765;Seçkin Doğan
766;Esra Demir
767;Fatih Kayayurt
768;Mustafa Sürüm
769;Fevziye Yavaşi
770;Mustafa Arif Turgut
771;Birgül Şen Tanrıkulu
772;Özlem Barbaros
773;Özlem Aldinç
774;Funda Tekin
775;Berfin Gülşan
776;Demet Küfeciler
777;Sonay Almacıoğlu
778;Serçin Çildir
779;Almala Pınar Türkdoğan
780;Ümit Kaya
781;Senem Öner
782;Deniz Şeliman
783;Münever Yaman
784;Hatice Can
785;Özlem Yiğit
786;Özlem Giray
787;Ali Seçkin Yalçınkaya
788;Coşkun Kılıç
789;Özge Şentürk
790;Zeliha Karabağ
791;Pınar Değirmenci
792;Aybüke Boduroğlu
793;Hasibe Yıldız
794;Gürkan Güler
795;Zühal Eraslan
796;Nazım Üzer
797;Zeynep Pişirgen
798;Osman Adanır
799;Ayla Koç
800;Beyza Korkmaz
801;Elif Yenidoğan
802;Eray Aydoğan
803;Diana Acarbulut
804;Tuba Erge
805;Semra Erdoğan
806;Velat Öğüt Aydın
807;Belgin Emine Kuşku
808;Sibel Kucur Tülübaş
809;Celal Pektaş
810;Benhur Şirvan Kayacan
811;Dilek Gülen
812;Hande Doğan
813;Şahabettin Aydın Köseoğlu
814;Miray Gülen Akküçük
815;Zerrin Candan
816;İlknur Temel
817;Elif Yenigün
818;Mümtaz Yıldırım
819;Tuğba Beder
820;Dilek Akıncı
821;Mehmet Burhan Özdemir
822;Fuat Onuk
823;Nihal Aydoğan
824;Ayşegül Yılmaz
825;Sema Akcan Atasoy
826;Zafer Saraçoğlu Çekiç
827;Nursel Cömert
828;Gülperi Topal
829;Bilge Karahan
830;Fatih Şahin
831;Cengiz Çetin
832;Simge Yılmaz İnal
833;Sema Nilay Aytaç
834;Emine Yıldız Altun
835;Rifat Can Kişi
836;Sinan Gündüz
837;Latife Özkurt Pürcü
838;Mehmet Ak
839;Nurdan Urfalı
840;Meltem Karaman
841;Ülkühan Memetoğlu
842;Hasan Kazbek
843;Gülden Kireççi
844;Samet Akın
845;Berna Yadigaroğlu
846;Özlem Yüksel
847;Nafiye Özçelik Oral
848;Kenan Babuş
849;Serkan Fazlı Kaplan
850;Nursel Aköz
851;Abdullah Kartal
852;Ergül Bilgiç
853;Hasan Erden
854;Mustafa Tuğcugil
855;Sebahat Kumral
856;Emine Erbaş
857;Erdal Oral
858;Leziz Kılaç
859;Birsen Cengiz
860;Tuba Yıldırım
861;Ayşen Kutlucan Bağcı
862;Ebru Balaban
863;Tayfur Kaya
864;Meltem Balcı
865;Serhat Tüfekçi
866;Aycan Özden Atay
867;Elif Yarar
868;Sevgül Sever
869;Selda Yıldırım
870;Işıl Arslan Kaşdoğan
871;Sibel Arkan
872;Jülide Zehra Tutaş
873;Beril Gülüş Öztürk
874;İnci Havas
875;Engin Ortaç
876;Gülbahar Yıldız
877;Kaan Soykamer
878;Nurdan Bektaş
879;Hande Berk
880;Öznur Gül
881;Handan Gedik Yılmaz
882;Osman Turgut Cengiz
883;Emin Tonyukuk Çolak
884;Nejdet Bulut
885;Mustafa Sarı
886;Güliz Akyol
887;İpek Bağcık
888;Nihal Kutluyurdu
889;Melda Demirgan
890;Derya Yiğit Kuplay
891;Demet Gerilmez
892;Mahmut Düzkalır
893;Emel Köksoy
894;Öznur Ersoy
895;Songül Akar
896;Resa Özdoğan
897;Gamze Tönge
898;Ümit Yasa
899;Deniz Önvermez
900;Muammer Müslim Yıldırım
901;Ömer Faruk Biçer
902;Tuğçe Karademir
903;Veli Enes Alımlı
904;Zahide Akgül
905;Nurettin İrem Hancıoğlu
906;Sedat Batçık
907;Remziye Olpak
908;Sibel Bolat
909;Ekrem Arslan
910;Yeliz Siğa
911;Özgül Mercan
912;Hale Bozkurter
913;Berçem Güler
914;Mustafa Erginel
915;Tuba Şahin
916;Sabahattin Kadak
917;Şafak Güney Kocabaş
918;Evrim Demir Aydın
919;Reşat Hepkaya
920;Mumun Bayram
921;Funda Özlem Kanık Yüksek
922;Nur Kulak Gedik
923;Mete Akcan Paksoy
924;Tülay Eser
925;Özlem Kılıç Yıldırım
926;Hatice Nilden Gider
927;Meltem Kurt
928;Eda Ellialtı
929;Meltem Demirtaş
930;Mustafa Arga
931;Yurdun Başkan Vuralkan
932;Sema Aluçlu
933;Tuba Mutlu
934;Serpil Şatır Ertem
935;Cenk Engiz
936;Taner Çipe
937;Zekeriya Uysal
938;Emrah Safa Başer
939;Tuğrul Arslan
940;Yücel Gözkaya
941;Esma Özlem Ulutaş
942;Ahmet Pirim
943;Sevde Nur Üstün
944;Sami Kızmazoğlu
945;Gamze Uluba
946;Gülsüm Arslan
947;Serhat Karaoğlu
948;Barış Özsoy
949;Gülseren Yalçın
950;Sultan Saf
951;İlker Vural
952;Deram Demirtaş
953;Ahmet Gençpınar
954;Bala Başak Akaslan
955;Fevzi Akalın
956;Gözde Atay
957;Harun Önder Siviş
958;Filiz Baymak
959;Nuray Atay
960;Şirin Güvenç
961;Özlem Akca Çağlar
962;Burcu Özcan
963;Pınar Erdem Özcan
964;Hatun Başman
965;Ceyda Yanni
966;Burcu Ünal
967;Ayşe Gündoğdu
968;Alper Çelik
969;Feyza Usta Güç
970;Hacı Murat Tanrıverdi Yılmaz
971;Mücella Taşkın
972;Feyzahan Çetin
973;Şenay Yılmaz Çiftdoğan
974;Merih Gazeteci Tekin
975;Yusuf Sari
976;Arda Karakoyun
977;Evre Karakuş Epçaçan
978;Konuralp Ekici
979;Kıvanç Aydıner
980;Emine Aktaş
981;Volkan Belgemen
982;Nihat Çetin
983;Rengin Aslıhan Oflaz
984;Emre Yener
985;Arife Esra Baysoy
986;Sedat Bükülmez
987;Murat Yılmaz
988;Cem Bıçakçı
989;Erhan Kara
990;Ömür Timurtaş Dayar
991;Umut Can Ateş
992;Bedrettin Binboğa
993;Damla Kızıltepe
994;Müslim Kaya
995;Abdulkadir Abseyi
996;Saadet Amirova Uçan
997;Rezzan Öztürk
998;Sedat Taş
999;İbrahim Ceylan
1000;Leyla Kılıç
1001;Tülay Erol
1002;Şenay Tayfun
1003;Merih Kaya
1004;Yusuf Karakurt
1005;Arda Budunoğlu
1006;Evre Özer
1007;Konuralp Saygın
1008;Kıvanç Eryavuz
1009;Emine Polat Çiçek
1010;Volkan Yılmaz
1011;Nihat Çelik
1012;Rengin Aslıhan Ünsal
1013;Hatice Nilden Kaya
1014;Meltem Balcı
1015;Eda Tüfekçi
1016;Meltem Atay
1017;Mustafa Yarar
1018;Yurdun Sever
1019;Sema Yıldırım
1020;Tuba Arslan Kaşdoğan
1021;Serpil Arkan
1022;Cenk Tutaş
1023;Taner Öztürk
1024;Zekeriya Havas
1025;Emrah Safa Ortaç
1026;Tuğrul Yıldız
1027;Yücel Soykamer
1028;Esma Özlem Bektaş
1029;Ahmet Berk
1030;Sevde Nur Gül
1031;Sami Gedik Yılmaz
1032;Gamze Cengiz
1033;Gülsüm Çolak
1034;Serhat Bulut
1035;Barış Altaylı
1036;Gülseren Erdoğan
1037;Sultan Şengör
1038;İlker Gürkan
1039;Deram Dalan
1040;Ahmet İmamoğlu
1041;Bala Başak Akalın
1042;Fevzi Ortaç
1043;Gözde Terim
1044;Osman Turgut Gündeş
1045;Emin Tonyukuk Aksu
1046;Nejdet Yener
1047;Mustafa Can
1048;Güliz Şen
1049;İpek Kandemir
1050;Nihal Çevik
1051;Melda Erkuran
1052;Derya Tüten
1053;Demet Öztürk
1054;Mahmut Yüzbaşıoğlu
1055;Emel Vural
1056;Öznur Yücel
1057;Songül Sönmez
1058;Harun Ertekin
1059;Yavuz Dede
1060;Pınar Uyanık
1061;Mehmet Aslan
1062;Umut Akbulut
1063;Mesude Orhon
1064;Hüseyin Cahit Uz
1065;Haşim Onur Yavuz
1066;Güliz Erdem
1067;İpek Zorlu Karayiğit
1068;Nihal Köycü
1069;Melda Uygur
1070;Derya İmamoğlu
1071;Demet Topaloğlu
1072;Mahmut Ayık
1073;Emel Demir
1074;Öznur Erdem
1075;Songül Karamanlı
1076;Resa Sadi Aykan
1077;Gamze Oktay
1078;Ümit Yurtlu
1079;Deniz Salman Sever
1080;Muammer Müslim Cirit Koçer
1081;Ömer Faruk Sorgun Evcili
1082;Tuğçe Nurçin
1083;Veli Enes Başkan
1084;Zahide Kazancı
1085;Nurettin İrem Kıyak Yılmaz
1086;Sedat Siğa
1087;Remziye Mercan
1088;Sibel Bozkurter
1089;Zeynep Güler
1090;Osman Erginel
1091;Ayla Şahin
1092;Beyza Kadak
1093;Elif Güney Kocabaş
1094;Eray Demir Aydın
1095;Diana Hepkaya
1096;Tuba Bayram
1097;Semra Kanık Yüksek
1098;Velat Kulak Gedik
1099;Belgin Emine Akcan Paksoy
1100;Sibel Eser
1101;Celal Kılıç Yıldırım
1102;Benhur Şirvan Gider
1103;Dilek Kurt
1104;Hande Ellialtı
1105;Şahabettin Demirtaş
1106;Miray Arga
1107;Zerrin Eser
1108;İlknur Yalnız
1109;Elif Savaş
1110;Mümtaz Yılmaz
1111;Tuğba Altaylı
1112;Dilek Erdoğan
1113;Mehmet Burhan Şengör
1114;Fuat Gürkan
1115;Nihal Dalan
1116;Ayşegül İmamoğlu
1117;Sema Akalın
1118;Zafer Ortaç
1119;Nursel Terim
1120;Gülperi Gündeş
1121;Bilge Aksu
1122;Fatih Yener
1123;Cengiz Can
1124;Simge Şen
1125;Sema Nilay Kandemir
1126;Emine Çevik
1127;Rifat Can Erkuran
1128;Sinan Tüten
1129;Latife Öztürk
1130;Mehmet Yüzbaşıoğlu
1131;Nurdan Vural
1132;Meltem Yücel
1133;Ülkühan Sönmez
1134;Hasan Ertekin
1135;Gülden Dede
1136;Samet Uyanık
1137;Berna Aslan
1138;Özlem Akbulut
1139;Nafiye Orhon
1140;Kenan Uz
1141;Serkan Fazlı Yavuz
1142;Nursel Erdem
1143;Abdullah Zorlu Karayiğit
1144;Ergül Köycü
1145;Hasan Büküm
1146;Mustafa Dincer
1147;Sebahat Doğan
1148;Emine Ekiz
1149;Erdal Şahiner
1150;Leziz Şengül
1151;Birsen İlgün
1152;Tuba Aşık
1153;Ayşen Özkan
1154;Ebru Şirzai
1155;Tayfur Öcalan
1156;Meltem Aksu
1157;Serhat Tülüce
1158;Aycan Özden Aytekin
1159;Elif Kaya
1160;Sevgül Düger
1161;Selda Metineren
1162;Işıl Bulut
1163;Sibel Şahin Duyar
1164;Jülide Zehra Çetin
1165;Beril Gülüş Bölük
1166;İnci Gözaçan
1167;Engin Bozkurt
1168;Gülbahar Öney Kurnaz
1169;Kaan Ay Güney
1170;Nurdan Köylü
1171;Hande Özmen Süner
1172;Öznur Talan
1173;Handan Dumlu
1174;Osman Turgut Zorlu Karayiğit
1175;Emin Tonyukuk Köycü
1176;Nejdet Uygur
1177;Mustafa İmamoğlu
1178;Güliz Topaloğlu
1179;İpek Ayık
1180;Nihal Demir
1181;Melda Erdem
1182;Derya Karamanlı
1183;Demet Sadi Aykan
1184;Mahmut Oktay
1185;Emel Yurtlu
1186;Öznur Salman Sever
1187;Songül Cirit Koçer
1188;Resa Sorgun Evcili
1189;Gamze Nurçin
1190;Ümit Başkan
1191;Deniz Kazancı
1192;Muammer Müslim Kıyak Yılmaz
1193;Ömer Faruk Mete
1194;Tuğçe Uzun
1195;Veli Enes Sağdık
1196;Zahide Arıkan Yorgun
1197;Nurettin İrem Ekici
1198;Sedat Kesim
1199;Remziye Gül
1200;Sibel Yıldırım
1201;İlknur Karagöz
1202;Yasemin Pekel
1203;Berna Yakar
1204;Özlem Tarlan
1205;Nafiye Çatak
1206;Kenan Çetinkor
1207;Serkan Fazlı Karpuzoğlu
1208;Nursel Ergintürk Acar
1209;Abdullah Beyoğlu
1210;Ergül Sulhan
1211;Hasan Arslan
1212;Mustafa Nuhveren
1213;Sebahat Avcıoğlu
1214;Emine Ahıskalı
1215;Erdal Asena
1216;Leziz Karacan Erşekerci
1217;Birsen Gölemez
1218;Tuba Yıldırım
1219;Ayşen Tohumoğlu
1220;Ebru Çelik
1221;Tayfur Bozarslan
1222;Nuray Köşker
1223;Şirin Çelik
1224;Özlem Kılıçdaroğlu
1225;Burcu Korkmaz
1226;Pınar Tarkan
1227;Hatun Duman
1228;Ceyda Hodjaoglu
1229;Burcu Ballı
1230;Ayşe Şatıroğlu
1231;Alper Önde
1232;Feyza Lağarlı
1233;Hacı Murat Özçay
1234;Mücella Arslan
1235;Feyzahan Akdemir
1236;Şenay Gündeş
1237;Merih Akın
1238;Yusuf Demiröz
1239;Arda Kuyucu
1240;Evre Selçuk
1241;Konuralp İnce
1242;Kıvanç Ergülü Eşmen
1243;Emine Gökalp
1244;Volkan Babacan
1245;Tayyip Ülger
1246;Esin Ayvaz
1247;Gökçe Elverdi
1248;Evrim Aydın
1249;Yasin Demirel
1250;Saliha Cimbek
1251;Deniz Fırat
1252;Belgin Bahçebaşı
1253;Özlem Dam
1254;Gonca Köroğlu
1255;Esra Özçelik
1256;Seçkin Karaca
1257;Esra Seven
1258;Fatih Özkurt
1259;Mustafa Altun
1260;Fevziye Büyüktaş
1261;Mustafa Arif Sertkaya
1262;Birgül Öven Ustaalioğlu
1263;Özlem Yalnız
1264;Özlem Savaş
1265;Funda Aydoğan
1266;Berfin Yılmaz
1267;Demet Akcan Atasoy
1268;Sonay Saraçoğlu Çekiç
1269;Serçin Cömert
1270;Almala Pınar Topal
1271;Ümit Karahan
1272;Senem Şahin
1273;Deniz Çetin
1274;Münever Yılmaz İnal
1275;Hatice Aytaç
1276;Özlem Yıldız Altun
1277;Özlem Kişi
1278;Ali Seçkin Gündüz
1279;Coşkun Özkurt Pürcü
1280;Özge Ak
1281;Zeliha Urfalı
1282;Pınar Karaman
1283;Aybüke Memetoğlu
1284;Hasibe Kazbek
1285;Gürkan Kireççi
1286;Zühal Akın
1287;Nazım Yadigaroğlu
1288;Zeynep Yüksel
1289;Osman Özçelik Oral
1290;Ayla Babuş
1291;Beyza Kaplan
1292;Elif Aköz
1293;Eray Kartal
1294;Diana Bilgiç
1295;Tuba Erden
1296;Semra Tuğcugil
1297;Velat Kumral
1298;Belgin Emine Erbaş
1299;Sibel Oral
1300;Celal Kılaç
1301;Benhur Şirvan Cengiz
1302;Dilek Yıldırım
1303;Hande Kutlucan Bağcı
1304;Şahabettin Balaban
1305;Miray Kaya
1306;Zerrin Balcı
1307;İlknur Tüfekçi
1308;Elif Atay
1309;Mümtaz Yarar
1310;Tuğba Sever
1311;Dilek Yıldırım
1312;Mehmet Burhan Arslan Kaşdoğan
1313;Fuat Arkan
1314;Nihal Tutaş
1315;Ayşegül Öztürk
1316;Sema Havas
1317;Zafer Ortaç
1318;Nursel Yıldız
1319;Gülperi Soykamer
1320;Bilge Bektaş
1321;Fatih Berk
1322;Cengiz Gül
1323;Cem Yılmaz
1324;Sema Nilay Cengiz
1325;Emine Çolak
1326;Rifat Can Bulut
1327;Başak Candan
1328;Ayşegül Temel
1329;Evrim Yenigün
1330;Yaser Yıldırım
1331;Ülkü Beder
1332;Özhan Akıncı
1333;Ufuk Özdemir
1334;Aksel Onuk
1335;Fulya Aydoğan
1336;Burcu Yılmaz
1337;Taylan Akcan Atasoy
1338;Yılmaz Saraçoğlu Çekiç
1339;Zeynep Cömert
1340;Bayram Topal
1341;Gülay Karahan
1342;Rabia Şahin
1343;Sevda Çetin
1344;Serhat Yılmaz İnal
1345;Engin Aytaç
1346;Aslı Yıldız Altun
1347;Tuba Kişi
1348;Barış Gündüz
1349;Sevgi Özkurt Pürcü
1350;Kalender Ak
1351;Halil Urfalı
1352;Bilge Karaman
1353;Ferda Memetoğlu
1354;Ezgi Kazbek
1355;Aysun Kireççi
1356;Seda Akın
1357;Özlem Yadigaroğlu
1358;Özden Yüksel
1359;Koray Özçelik Oral
1360;Senem Babuş
1361;Zeynep Kaplan
1362;Emel Aköz
1363;Baturay Kansu Kartal
1364;Nuray Bilgiç
1365;Aydoğan Erden
1366;Özlem Tuğcugil
1367;Deniz Kumral
1368;İlknur Erbaş
1369;Tevfik Özgün Oral
1370;Hasan Serkan Kılaç
1371;Kürşat Cengiz
1372;Seyfi Yıldırım
1373;Şeyma Kutlucan Bağcı
1374;Özlem Balaban
1375;Ersagun Kaya
1376;Dilber Balcı
1377;Mesut Tüfekçi
1378;Elif Atay
1379;Muhammet Fatih Yarar
1380;Özgür Sinan Sever
1381;Mehmet Özgür Yıldırım
1382;Mahperi Arslan Kaşdoğan
1383;Onur Arkan
1384;İbrahim Tutaş
1385;Fatih Öztürk
1386;Sevil Havas
1387;Erhan Ortaç
1388;Mustafa Yıldız
1389;Mutlu Soykamer
1390;Mehmet Hüseyin Bektaş
1391;İsmail Evren Berk
1392;Osman Ersegun Gül
1393;Mehmet Gedik Yılmaz
1394;Elif Cengiz
1395;Serkan Çolak
1396;Mesut Bulut
1397;Mehmet Hilmi Sarı
1398;Asudan Tuğçe Akyol
1399;Ahmet Gökhan Bağcık
1400;Başak Kutluyurdu
1401;Ceyhan Demirgan
1402;Tayyip Yiğit Kuplay
1403;Esin Gerilmez
1404;Gökçe Düzkalır
1405;Evrim Köksoy
1406;Yasin Ersoy
1407;Saliha Akar
1408;Deniz Özdoğan
1409;Belgin Tönge
1410;Özlem Yasa
1411;Gonca Önvermez
1412;Esra Yıldırım
1413;Seçkin Biçer
1414;Esra Karademir
1415;Fatih Alımlı
1416;Mustafa Akgül
1417;Fevziye Hancıoğlu
1418;Mustafa Arif Batçık
1419;Birgül Olpak
1420;Özlem Bolat
1421;Özlem Arslan
1422;Funda Siğa
1423;Simge Mercan
1424;Sema Nilay Bozkurter
1425;Emine Güler
1426;Rifat Can Erginel
1427;Sinan Şahin
1428;Latife Kadak
1429;Mehmet Güney Kocabaş
1430;Nurdan Demir Aydın
1431;Meltem Hepkaya
1432;Ülkühan Bayram
1433;Hasan Kanık Yüksek
1434;Gülden Kulak Gedik
1435;Samet Akcan Paksoy
1436;Berna Akyol
1437;Özlem Bağcık
1438;Nafiye Kutluyurdu
1439;Kenan Demirgan
1440;Serkan Fazlı Yiğit Kuplay
1441;Nursel Gerilmez
1442;Abdullah Düzkalır
1443;Ergül Köksoy
1444;Hasan Ersoy
1445;Mustafa Akar
1446;Sebahat Özdoğan
1447;Emine Tönge
1448;Erdal Yasa
1449;Leziz Önvermez
1450;Birsen Yıldırım
1451;Tuba Biçer
1452;Ayşen Karademir
1453;Ebru Alımlı
1454;Tayfur Akgül
1455;Meltem Hancıoğlu
1456;Serhat Batçık
1457;Aycan Özden Olpak
1458;Elif Bolat
1459;Sevgül Arslan
1460;Selda Siğa
1461;Işıl Mercan
1462;Sibel Bozkurter
1463;Jülide Zehra Güler
1464;Beril Gülüş Erginel
1465;İnci Şahin
1466;Engin Kadak
1467;Gülbahar Güney Kocabaş
1468;Kaan Demir Aydın
1469;Nurdan Hepkaya
1470;Hande Bayram
1471;Öznur Kanık Yüksek
1472;Handan Kulak Gedik
1473;Osman Turgut Akcan Paksoy
1474;Emin Tonyukuk Eser
1475;Nejdet Kılıç Yıldırım
1476;Mustafa Gider
1477;Güliz Kurt
1478;İpek Ellialtı
1479;Nihal Demirtaş
1480;Melda Arga
1481;Derya Başkan Vuralkan
1482;Demet Aluçlu
1483;Mahmut Mutlu
1484;Emel Şatır Ertem
1485;Öznur Engiz
1486;Songül Çipe
1487;Resa Uysal
1488;Gamze Başer
1489;Ümit Arslan
1490;Deniz Gözkaya
1491;Muammer Müslim Ulutaş
1492;Ömer Faruk Pirim
1493;Tuğçe Üstün
1494;Veli Enes Kızmazoğlu
1495;Zahide Uluba
1496;Nurettin İrem Arslan
1497;Sedat Karaoğlu
1498;Remziye Özsoy
1499;Sibel Yalçın
1500;Ekrem Saf
1501;Yeliz Vural
1502;Özgül Demirtaş
1503;Hale Gençpınar
1504;Berçem Akaslan
1505;Mustafa Akalın
1506;Tuba Atay
1507;Sabahattin Önder Siviş
1508;Şafak Baymak
1509;Evrim Atay
1510;Reşat Güvenç
1511;Mumun Akca Çağlar
1512;Funda Özlem Özcan
1513;Nur Erdem Özcan
1514;Mete Başman
1515;Tülay Yanni
1516;Özlem Ünal
1517;Hatice Nilden Gündoğdu
1518;Meltem Çelik
1519;Eda Usta Güç
1520;Meltem Tanrıverdi Yılmaz
1521;Mustafa Taşkın
1522;Yurdun Çetin
1523;Sema Yılmaz Çiftdoğan
1524;Tuba Gazeteci Tekin
1525;Serpil Sari
1526;Cenk Karakoyun
1527;Taner Karakuş Epçaçan
1528;Zekeriya Ekici
1529;Emrah Safa Aydıner
1530;Tuğrul Aktaş
1531;Yücel Belgemen
1532;Esma Özlem Çetin
1533;Ahmet Oflaz
1534;Sevde Nur Yener
1535;Sami Baysoy
1536;Gamze Bükülmez
1537;Gülsüm Yılmaz
1538;Serhat Bıçakçı
1539;Barış Kara
1540;Gülseren Timurtaş Dayar
1541;Sabahattin Ateş
1542;Şafak Binboğa
1543;Evrim Kızıltepe
1544;Reşat Kaya
1545;Mumun Abseyi
1546;Funda Özlem Amirova Uçan
1547;Nur Öztürk
1548;Mete Taş
1549;Tülay Ceylan
1550;Özlem Kılıç
1551;Hatice Nilden Erol
1552;Meltem Tayfun
1553;Eda Kaya
1554;Meltem Karakurt
1555;Mustafa Budunoğlu
1556;Yurdun Özer
1557;Sema Saygın
1558;Tuba Eryavuz
1559;Şükrü Polat Çiçek
1560;Olcay Başak Yılmaz
1561;Serdar Çelik
1562;Yıldız Ünsal
1563;Aydın Alpınar
1564;Ali Haluk Cindemir
1565;Nihat Berkay Akduman
1566;Berkay Uyar
1567;Aykan Tülpar
1568;Selçuk Azak
1569;Mehmet Eren
1570;Nezih Gözcü
1571;Mustafa Baysal
1572;Timur Tuncel
1573;Nezih Çetemen
1574;Osman Ersegun Yılmaz
1575;Mehmet Giniş
1576;Elif Uzun
1577;Serkan Nasıroğlu
1578;Mesut Sezgin
1579;Mehmet Hilmi Öztürk
1580;Asudan Tuğçe Yıldırım
1581;Ahmet Gökhan Uzun
1582;Başak Bulur
1583;Ceyhan Duysak
1584;Tayyip Yenin
1585;Esin Demirel
1586;Gökçe Sak
1587;Evrim Kocabaş
1588;Yasin Saraç
1589;Saliha Alkurt Kayıkçı
1590;Deniz Yurt
1591;Belgin İlkay
1592;Özlem Tavşan
1593;Gonca Alay
1594;Esra Ertem
1595;Seçkin Özel
1596;Esra Genç
1597;Fatih Uğuz
1598;Mustafa Evik
1599;Fevziye Genç Talas
1600;Mustafa Arif Eker
1601;Birgül Çimen
1602;Özlem Çırakoğlu
1603;Özlem Demir Göçmen
1604;Funda Alpaycı
1605;Berfin Ak
1606;Demet Çelik
1607;Sonay Ercan
1608;Serçin Altun
1609;Almala Pınar Kılıç
1610;Ümit Sarp
1611;Senem Söker
1612;Deniz Köse
1613;Münever Barçak
1614;Hatice Özekli Mısırlıoğlu
1615;Özlem Bolaç
1616;Özlem Aslanalp
1617;Ali Seçkin Örnek
1618;Coşkun Akdoğan
1619;Özge Özçelik
1620;Zeliha Ertürkler
