salesman_id;salesman_name
1;Mehmet Canacankatan
2;Umut Gümüşay
3;Mesude Murt
4;Hüseyin Cahit Halhallı
5;Haşim Onur Uluöz
6;Eyüp Sabri Şeyhanlı
7;Mustafa Çalışkantürk
8;Mustafa Yılmaz
9;Ufuk Saraçoğlu
10;Ahmet Ali Sezer
11;Hasan Demir
12;Kamil Kayayurt
13;Nebi Sürüm
14;Özcan Yavaşi
15;Nagihan Turgut
16;Ceren Şen Tanrıkulu
17;Serkan Barbaros
18;Hasan Aldinç
19;Yusuf Kenan Tekin
20;Çetin Gülşan
21;Tarkan Küfeciler
22;Ergün Çildir
23;Kenan Ahmet Türkdoğan
24;Ural Kaya
25;Yahya Öner
26;Bengü Şeliman
27;Fatih Nazmi Yaman
28;Dilek Can
29;Mehmet Yiğit
30;Tufan Akın Giray
31;Mehmet Yalçınkaya
32;Turgay Yılmaz Kılıç
33;Güldehen Şentürk
34;Elif Öztürk
35;Sevgül Yıldırım
36;Selda Uzun
37;Işıl Bulur
38;Sibel Duysak
39;Jülide Zehra Yenin
40;Beril Gülüş Demirel
41;İnci Sak
42;Engin Kocabaş
43;Gülbahar Saraç
44;Kaan Alkurt Kayıkçı
45;Nurdan Yurt
46;Hande İlkay
47;Öznur Tavşan
48;Handan Alay
49;Nejdet Genç
50;Mustafa Uğuz
51;Güliz Evik
52;İpek Genç Talas
53;Nihal Eker
54;Melda Çimen
55;Derya Çırakoğlu
56;Demet Demir Göçmen
57;Mahmut Alpaycı
58;Emel Ak
59;Öznur Çelik
60;Songül Ercan
61;Resa Altun
62;Gamze Kılıç
63;Ümit Sarp
64;Deniz Söker
65;Muammer Müslim Köse
66;Ömer Faruk Barçak
67;Tuğçe Özekli Mısırlıoğlu
68;Veli Enes Bolaç
69;Zahide Aslanalp
70;Nurettin İrem Örnek
71;Sedat Akdoğan
72;Remziye Özçelik
73;Sibel Ertürkler
74;İlknur Saral
75;Yasemin Özkan
76;Aylin Demirhan
77;Emel Aslankara
78;Emel Cennet Emlakçıoğlu
79;Şafak Öztürk
80;Metin Eser
81;Süleyman Öden
82;Mukaddes Demiray
83;Barış Ayhan
84;Mehmet Ali Yağcı
85;Tevfik Avcı
86;Serdar Baygeldi
87;Emine Büküm
88;Mürşit Dincer
89;Mutlu Doğan
90;Feza Ekiz
91;İbrahim Tayfun Şahiner
92;Serkan Şengül
93;Ahmet Serkan İlgün
94;Fatma Aşık
95;Berker Özkan
96;Serdar Şirzai
97;Kubilay Öcalan
98;Erkan Aksu
99;Kerim Tülüce
100;İlknur Aytekin
101;Serkan Kaya
102;Mustafa Düger
103;Rukiye Metineren
104;Gökten Bulut
105;Sezgi Şahin Duyar
106;Tuğba Çetin
107;Murat Bölük
108;Hatice Gözaçan
109;Hatice Eylül Bozkurt
110;Ayşe Gül Öney Kurnaz
111;Nevin Ay Güney
112;Sezen Köylü
113;Kezban Özmen Süner
114;Aysel Talan
115;Talha Dumlu
116;Duygu Özge Zorlu Karayiğit
117;Gözde Köycü
118;Fırat Uygur
119;Ebru İmamoğlu
120;Gülen Ece Topaloğlu
121;Sibel Ayık
122;Fulya Demir
123;Vedat Erdem
124;Harun Karamanlı
125;Filiz Sadi Aykan
126;Nuray Oktay
127;Şirin Yurtlu
128;Özlem Salman Sever
129;Burcu Cirit Koçer
130;Pınar Sorgun Evcili
131;Hatun Nurçin
132;Ceyda Başkan
133;Burcu Kazancı
134;Ayşe Kıyak Yılmaz
135;Alper Mete
136;Feyza Uzun
137;Cenk Tutaş
138;Taner Öztürk
139;Zekeriya Havas
140;Emrah Safa Ortaç
141;Tuğrul Yıldız
142;Yücel Soykamer
143;Esma Özlem Bektaş
144;Ahmet Berk
145;Sevde Nur Gül
146;Sami Gedik Yılmaz
147;Gamze Cengiz
148;Gülsüm Çolak
149;Serhat Bulut
150;Barış Altaylı
151;Gülseren Erdoğan
152;Sultan Şengör
153;İlker Gürkan
154;Deram Dalan
155;Ahmet İmamoğlu
156;Bala Başak Akalın
157;Fevzi Ortaç
158;Gözde Terim
159;Osman Turgut Gündeş
160;Emin Tonyukuk Aksu
161;Nejdet Yener
162;Mustafa Can
163;Güliz Şen
164;İpek Kandemir
165;Nihal Çevik
166;Melda Erkuran
167;Derya Tüten
168;Demet Öztürk
169;Mahmut Yüzbaşıoğlu
170;Emel Vural
171;Öznur Yücel
172;Songül Sönmez
173;Harun Ertekin
174;Yavuz Dede
175;Pınar Uyanık
176;Mehmet Aslan
177;Umut Akbulut
178;Mesude Orhon
179;Hüseyin Cahit Uz
180;Haşim Onur Yavuz
181;Güliz Erdem
182;İpek Zorlu Karayiğit
183;Nihal Köycü
184;Melda Uygur
185;Derya İmamoğlu
186;Demet Topaloğlu
187;Mahmut Ayık
188;Emel Demir
189;Öznur Erdem
190;Songül Karamanlı
191;Resa Sadi Aykan
192;Gamze Oktay
193;Ümit Yurtlu
194;Deniz Salman Sever
195;Muammer Müslim Cirit Koçer
196;Ömer Faruk Sorgun Evcili
197;Tuğçe Nurçin
198;Veli Enes Başkan
199;Zahide Kazancı
200;Nurettin İrem Kıyak Yılmaz
201;Sedat Siğa
202;Remziye Mercan
203;Sibel Bozkurter
204;Zeynep Güler
205;Osman Erginel
206;Ayla Şahin
207;Beyza Kadak
208;Elif Güney Kocabaş
209;Eray Demir Aydın
210;Diana Hepkaya
211;Tuba Bayram
212;Semra Kanık Yüksek
213;Velat Kulak Gedik
214;Belgin Emine Akcan Paksoy
215;Sibel Eser
216;Celal Kılıç Yıldırım
217;Benhur Şirvan Gider
218;Dilek Kurt
219;Hande Ellialtı
220;Şahabettin Demirtaş
221;Miray Arga
222;Zerrin Eser
223;İlknur Yalnız
224;Elif Savaş
225;Mümtaz Yılmaz
226;Tuğba Altaylı
227;Dilek Erdoğan
228;Mehmet Burhan Şengör
229;Fuat Gürkan
230;Nihal Dalan
231;Ayşegül İmamoğlu
232;Sema Akalın
233;Zafer Ortaç
234;Nursel Terim
235;Gülperi Gündeş
236;Bilge Aksu
237;Fatih Yener
238;Cengiz Can
239;Simge Şen
240;Sema Nilay Kandemir
241;Emine Çevik
242;Rifat Can Erkuran
243;Sinan Tüten
244;Latife Öztürk
245;Mehmet Yüzbaşıoğlu
246;Nurdan Vural
247;Meltem Yücel
248;Ülkühan Sönmez
249;Hasan Ertekin
250;Gülden Dede
251;Samet Uyanık
252;Berna Aslan
253;Özlem Akbulut
254;Nafiye Orhon
255;Kenan Uz
256;Serkan Fazlı Yavuz
257;Nursel Erdem
258;Abdullah Zorlu Karayiğit
259;Ergül Köycü
260;Hasan Büküm
261;Mustafa Dincer
262;Sebahat Doğan
263;Emine Ekiz
264;Erdal Şahiner
265;Leziz Şengül
266;Birsen İlgün
267;Tuba Aşık
268;Ayşen Özkan
269;Ebru Şirzai
270;Tayfur Öcalan
271;Meltem Aksu
272;Serhat Tülüce
273;Aycan Özden Aytekin
274;Elif Kaya
275;Sevgül Düger
276;Selda Metineren
277;Işıl Bulut
278;Sibel Şahin Duyar
279;Jülide Zehra Çetin
280;Beril Gülüş Bölük
281;İnci Gözaçan
282;Engin Bozkurt
283;Gülbahar Öney Kurnaz
284;Kaan Ay Güney
285;Nurdan Köylü
286;Hande Özmen Süner
287;Öznur Talan
288;Handan Dumlu
289;Osman Turgut Zorlu Karayiğit
290;Emin Tonyukuk Köycü
291;Nejdet Uygur
292;Mustafa İmamoğlu
293;Güliz Topaloğlu
294;İpek Ayık
295;Nihal Demir
296;Melda Erdem
297;Derya Karamanlı
298;Demet Sadi Aykan
299;Mahmut Oktay
300;Emel Yurtlu
301;Öznur Salman Sever
302;Songül Cirit Koçer
303;Resa Sorgun Evcili
304;Gamze Nurçin
305;Ümit Başkan
306;Deniz Kazancı
307;Muammer Müslim Kıyak Yılmaz
308;Ömer Faruk Mete
309;Tuğçe Uzun
310;Veli Enes Sağdık
311;Zahide Arıkan Yorgun
312;Nurettin İrem Ekici
313;Sedat Kesim
314;Remziye Gül
315;Sibel Yıldırım
316;İlknur Karagöz
317;Yasemin Pekel
318;Berna Yakar
319;Özlem Tarlan
320;Nafiye Çatak
321;Kenan Çetinkor
322;Serkan Fazlı Karpuzoğlu
323;Nursel Ergintürk Acar
324;Abdullah Beyoğlu
325;Ergül Sulhan
326;Hasan Arslan
327;Mustafa Nuhveren
328;Sebahat Avcıoğlu
329;Emine Ahıskalı
330;Erdal Asena
331;Leziz Karacan Erşekerci
332;Birsen Gölemez
333;Tuba Yıldırım
334;Ayşen Tohumoğlu
335;Ebru Çelik
336;Tayfur Bozarslan
337;Nuray Köşker
338;Şirin Çelik
339;Özlem Kılıçdaroğlu
340;Burcu Korkmaz
341;Pınar Tarkan
342;Hatun Duman
343;Gökmen Karabağ
344;Bülent Değirmenci
345;Erol Boduroğlu
346;Bahri Yıldız
347;Özen Özlem Güler
348;Selma Eraslan
349;Tuğsem Üzer
350;Teslime Nazlı Pişirgen
351;Gülçin Adanır
352;İsmail Koç
353;Murat Korkmaz
354;Ebru Yenidoğan
355;Tümay Aydoğan
356;Ahmet Acarbulut
357;Ebru Erge
358;Hüseyin Yavuz Erdoğan
359;Başak Öğüt Aydın
360;Ayşegül Kuşku
361;Evrim Kucur Tülübaş
362;Yaser Pektaş
363;Ülkü Kayacan
364;Özhan Gülen
365;Ufuk Doğan
366;Aksel Aydın Köseoğlu
367;Fulya Gülen Akküçük
368;Burcu Candan
369;Taylan Temel
370;Yılmaz Yenigün
371;Zeynep Yıldırım
372;Bayram Beder
373;Gülay Akıncı
374;Rabia Özdemir
375;Sevda Onuk
376;Serhat Aydoğan
377;Engin Yılmaz
378;Aslı Akcan Atasoy
379;Tuba Saraçoğlu Çekiç
380;Barış Cömert
381;Sevgi Topal
382;Kalender Karahan
383;Halil Şahin
384;Bilge Çetin
385;Ferda Yılmaz İnal
386;Ezgi Aytaç
387;Aysun Yıldız Altun
388;Seda Kişi
389;Özlem Gündüz
390;Özden Özkurt Pürcü
391;Senem Urfalı
392;Zeynep Karaman
393;Emel Memetoğlu
394;Baturay Kansu Kazbek
395;Nuray Kireççi
396;Aydoğan Akın
397;Özlem Yadigaroğlu
398;Deniz Yüksel
399;İlknur Özçelik Oral
400;Tevfik Özgün Babuş
401;Hasan Serkan Kaplan
402;Kürşat Aköz
403;Şeyma Bilgiç
404;Özlem Erden
405;Ersagun Tuğcugil
406;Dilber Kumral
407;Mesut Erbaş
408;Elif Oral
409;Muhammet Fatih Kılaç
410;Özgür Sinan Cengiz
411;Mehmet Özgür Yıldırım
412;Jale Şen
413;Ali Kandemir
414;Mahmut Çevik
415;Mansur Kürşad Erkuran
416;Gamze Tüten
417;Miraç Öztürk
418;Yücel Yüzbaşıoğlu
419;Kubilay Vural
420;Hayati Yücel
421;Bedriye Müge Sönmez
422;Birsen Ertekin
423;Serdal Dede
424;Bünyamin Uyanık
425;Özgür Aslan
426;Ferdi Akbulut
427;Reyhan Orhon
428;İlhan Uz
429;Mahperi Kutlucan Bağcı
430;Onur Balaban
431;İbrahim Kaya
432;Fatih Balcı
433;Sevil Tüfekçi
434;Süheyla Atay
435;Volkan Yarar
436;İlkay Sever
437;İlknur Yıldırım
438;Hale Arkan
439;Yener Tutaş
440;Sedef Öztürk
441;Fadıl Havas
442;Serpil Ortaç
443;Zülfiye Yıldız
444;Sultan Soykamer
445;Muammer Hayri Bektaş
446;Derviş Berk
447;Yaşar Gökhan Gül
448;Tuba Hanım Gedik Yılmaz
449;Mehri Cengiz
450;Mustafa Ferhat Çolak
451;Serdar Bulut
452;Mustafa Ersagun Sarı
453;Onat Akyol
454;Şükrü Bağcık
455;Olcay Başak Kutluyurdu
456;Serdar Demirgan
457;Yıldız Yiğit Kuplay
458;Aydın Gerilmez
459;Ali Haluk Düzkalır
460;Nihat Berkay Köksoy
461;Berkay Ersoy
462;Aykan Akar
463;Selçuk Özdoğan
464;Mehmet Tönge
465;Nezih Yasa
466;Mustafa Önvermez
467;Timur Yıldırım
468;Erhan Biçer
469;Mustafa Karademir
470;Mutlu Alımlı
471;Mehmet Hüseyin Akgül
472;İsmail Evren Hancıoğlu
473;Osman Ersegun Batçık
474;Mehmet Olpak
475;Elif Bolat
476;Serkan Arslan
477;Mesut Siğa
478;Mehmet Hilmi Mercan
479;Asudan Tuğçe Bozkurter
480;Ahmet Gökhan Güler
481;Başak Erginel
482;Ceyhan Şahin
483;Tayyip Kadak
484;Esin Güney Kocabaş
485;Gökçe Demir Aydın
486;Evrim Hepkaya
487;Yasin Bayram
488;Saliha Kanık Yüksek
489;Deniz Kulak Gedik
490;Belgin Akcan Paksoy
491;Özlem Eser
492;Gonca Kılıç Yıldırım
493;Esra Gider
494;Seçkin Kurt
495;Esra Ellialtı
496;Fatih Demirtaş
497;Mustafa Arga
498;Fevziye Başkan Vuralkan
499;Mustafa Arif Aluçlu
500;Birgül Mutlu
501;Özlem Şatır Ertem
502;Özlem Engiz
503;Funda Çipe
504;Berfin Uysal
505;Demet Başer
506;Sonay Arslan
507;Serçin Gözkaya
508;Ümit Pirim
509;Senem Üstün
510;Deniz Kızmazoğlu
511;Münever Uluba
512;Hatice Arslan
513;Özlem Karaoğlu
514;Özlem Özsoy
515;Ali Seçkin Yalçın
516;Coşkun Saf
517;Özge Vural
518;Zeliha Demirtaş
519;Pınar Gençpınar
520;Aybüke Akaslan
521;Hasibe Akalın
522;Oğuz Atay
523;Zühal Önder Siviş
524;Nazım Baymak
525;Zeynep Atay
526;Osman Güvenç
527;Ayla Akca Çağlar
528;Beyza Özcan
529;Elif Erdem Özcan
530;Hacı Murat Sağdık
531;Mücella Arıkan Yorgun
532;Feyzahan Ekici
533;Şenay Kesim
534;Merih Gül
535;Yusuf Yıldırım
536;Arda Karagöz
537;Evre Pekel
538;Konuralp Yakar
539;Kıvanç Tarlan
540;Emine Çatak
541;Volkan Çetinkor
542;Nihat Sayın
543;Rengin Aslıhan Kurt
544;Emre Gümüş
545;Arife Esra Kocakaya Altundal
546;Sedat Özmen
547;Murat Günay
548;Cem Dalan
549;Erhan Dilek
550;Ömür Demirtaş
551;Umut Can Kurtuluş
552;Bedrettin Karpuzoğlu
553;Damla Ergintürk Acar
554;Müslim Beyoğlu
555;Abdulkadir Sulhan
556;Saadet Arslan
557;Rezzan Nuhveren
558;Sedat Avcıoğlu
559;İbrahim Ahıskalı
560;Leyla Asena
561;Tülay Karacan Erşekerci
562;Ekrem Gölemez
563;Yeliz Yıldırım
564;Özgül Tohumoğlu
565;Hale Çelik
566;Berçem Bozarslan
567;Mustafa Köşker
568;Tuba Çelik
569;Sabahattin Kılıçdaroğlu
570;Şafak Korkmaz
571;Evrim Tarkan
572;Reşat Duman
573;Mumun Hodjaoglu
574;Funda Özlem Ballı
575;Nur Şatıroğlu
576;Mete Önde
577;Tülay Lağarlı
578;Özlem Özçay
579;Hatice Nilden Arslan
580;Meltem Akdemir
581;Eda Gündeş
582;Meltem Akın
583;Mustafa Demiröz
584;Yurdun Kuyucu
585;Sema Selçuk
586;Tuba İnce
587;Serpil Ergülü Eşmen
588;Cenk Gökalp
589;Taner Babacan
590;Zekeriya Ülger
591;Emrah Safa Ayvaz
592;Tuğrul Elverdi
593;Yücel Aydın
594;Esma Özlem Demirel
595;Ahmet Cimbek
596;Sevde Nur Fırat
597;Sami Bahçebaşı
598;Gamze Dam
599;Gülsüm Köroğlu
600;Serhat Özçelik
601;Barış Karaca
602;Gülseren Seven
603;Sultan Özkurt
604;İlker Altun
605;Deram Büyüktaş
606;Ahmet Sertkaya
607;Bala Başak Öven Ustaalioğlu
608;Fevzi Yalnız
609;Gözde Savaş
610;Ferhan Yılmaz
611;Fatih Altaylı
612;Serhat Erdoğan
613;Celal Şengör
614;Emrah Safa Gürkan
615;Bedrettin Dalan
616;Ekrem Orhon
617;Demet Akalın
618;Serdar Ortaç
619;Fevzi Terim
620;Ebru Gündeş
621;Sezen Aksu
622;Hande Yener
623;Sibel Can
624;İlknur Şen
625;Yasemin Kandemir
626;Aylin Çevik
627;Emel Erkuran
628;Emel Cennet Tüten
629;Şafak Öztürk
630;Metin Yüzbaşıoğlu
631;Süleyman Vural
632;Mukaddes Yücel
633;Barış Sönmez
634;Mehmet Ali Ertekin
635;Tevfik Dede
636;Serdar Uyanık
637;Emine Aslan
638;Mürşit Akbulut
639;Mutlu Orhon
640;Feza Uz
641;İbrahim Tayfun Yavuz
642;Serkan Erdem
643;Ahmet Serkan Zorlu Karayiğit
644;Fatma Köycü
645;Berker Uygur
646;Serdar İmamoğlu
647;Kubilay Topaloğlu
648;Erkan Ayık
649;Kerim Demir
650;İlknur Erdem
651;Serkan Karamanlı
652;Mustafa Sadi Aykan
653;Rukiye Oktay
654;Gökten Yurtlu
655;Sezgi Salman Sever
656;Tuğba Cirit Koçer
657;Murat Sorgun Evcili
658;Hatice Nurçin
659;Hatice Eylül Başkan
660;Ayşe Gül Kazancı
661;Nevin Kıyak Yılmaz
662;Sezen Mete
663;Jale Uzun
664;Ali Sağdık
665;Mahmut Arıkan Yorgun
666;Mansur Kürşad Ekici
667;Gamze Kesim
668;Miraç Gül
669;Yücel Yıldırım
670;Kubilay Karagöz
671;Hayati Pekel
672;Bedriye Müge Yakar
673;Birsen Tarlan
674;Serdal Çatak
675;Bünyamin Çetinkor
676;Özgür Sayın
677;Ferdi Kurt
678;Reyhan Gümüş
679;İlhan Kocakaya Altundal
680;Gülşah Özmen
681;Nalan Günay
682;Bedrettin Dalan
683;Ergün Dilek
684;Fatih Demirtaş
685;Şenay Kurtuluş
686;Serkan Karpuzoğlu
687;Emre Ergintürk Acar
688;Bahattin Beyoğlu
689;Irazca Sulhan
690;Hatice Arslan
691;Barış Nuhveren
692;Rezan Avcıoğlu
693;Fatih Ahıskalı
694;Fuat Asena
695;Gökhan Karacan Erşekerci
696;Orhan Gölemez
697;Mehmet Yıldırım
698;Evren Tohumoğlu
699;Oktay Çelik
700;Harun Bozarslan
701;Yavuz Köşker
702;Pınar Çelik
703;Mehmet Kılıçdaroğlu
704;Umut Korkmaz
705;Mesude Tarkan
706;Hüseyin Cahit Duman
707;Haşim Onur Hodjaoglu
708;Eyüp Sabri Ballı
709;Mustafa Şatıroğlu
710;Mustafa Önde
711;Ufuk Lağarlı
712;Ahmet Ali Özçay
713;Mediha Arslan
714;Hasan Akdemir
715;Kamil Gündeş
716;Nebi Akın
717;Özcan Demiröz
718;Nagihan Kuyucu
719;Ceren Selçuk
720;Serkan İnce
721;Hasan Ergülü Eşmen
722;Yusuf Kenan Gökalp
723;Çetin Babacan
724;Tarkan Ülger
725;Meral Leman Ayvaz
726;Ergün Elverdi
727;Kenan Ahmet Aydın
728;Ural Demirel
729;Yahya Cimbek
730;Bengü Fırat
731;Fatih Nazmi Bahçebaşı
732;Dilek Dam
733;Mehmet Köroğlu
734;Tufan Akın Özçelik
735;Mehmet Karaca
736;Turgay Yılmaz Seven
737;Güldehen Özkurt
738;Gökmen Altun
739;Bülent Büyüktaş
740;Erol Sertkaya
741;Bahri Öven Ustaalioğlu
742;Özen Özlem Yalnız
743;Selma Savaş
744;Tuğsem Alpınar
745;Teslime Nazlı Cindemir
746;Gülçin Akduman
747;İsmail Uyar
748;Murat Tülpar
749;Ebru Azak
750;Tümay Eren
751;Ahmet Gözcü
752;Ebru Baysal
753;Hüseyin Yavuz Tuncel
754;Başak Çetemen
755;Ayşegül Yılmaz
756;Evrim Giniş
757;Yaser Uzun
758;Ülkü Nasıroğlu
759;Özhan Sezgin
760;Ufuk Öztürk
761;Aksel Yıldırım
762;Fulya Uzun
763;Burcu Bulur
764;Taylan Duysak
765;Yılmaz Yenin
766;Zeynep Demirel
767;Bayram Sak
768;Gülay Kocabaş
769;Rabia Saraç
770;Sevda Alkurt Kayıkçı
771;Serhat Yurt
772;Engin İlkay
773;Aslı Tavşan
774;Tuba Alay
775;Barış Ertem
776;Sevgi Özel
777;Kalender Genç
778;Halil Uğuz
779;Bilge Evik
780;Ferda Genç Talas
781;Ezgi Eker
782;Aysun Çimen
783;Seda Çırakoğlu
784;Özlem Demir Göçmen
785;Özden Alpaycı
786;Koray Ak
787;Senem Çelik
788;Zeynep Ercan
789;Emel Altun
790;Baturay Kansu Kılıç
791;Nuray Sarp
792;Aydoğan Söker
793;Özlem Köse
794;Deniz Barçak
795;İlknur Özekli Mısırlıoğlu
796;Tevfik Özgün Bolaç
797;Hasan Serkan Aslanalp
798;Kürşat Örnek
799;Seyfi Akdoğan
800;Şeyma Özçelik
801;Özlem Ertürkler
802;Ersagun Saral
803;Dilber Özkan
804;Mesut Demirhan
805;Elif Aslankara
806;Muhammet Fatih Emlakçıoğlu
807;Özgür Sinan Öztürk
808;Mehmet Özgür Eser
809;Mahperi Öden
810;Onur Demiray
811;İbrahim Ayhan
812;Fatih Yağcı
813;Sevil Avcı
814;Süheyla Baygeldi
815;Volkan Büküm
816;İlkay Dincer
817;İlknur Doğan
818;Zümrüt Ela Ekiz
819;Hale Şahiner
820;Yener Şengül
821;Sedef İlgün
822;Fadıl Aşık
823;Serpil Özkan
824;Zülfiye Şirzai
825;Sultan Öcalan
826;Muammer Hayri Aksu
827;Derviş Tülüce
828;Yaşar Gökhan Aytekin
829;Tuba Hanım Kaya
830;Mehri Düger
831;Mustafa Ferhat Metineren
832;Serdar Bulut
833;Mustafa Ersagun Şahin Duyar
834;Onat Çetin
835;Şükrü Bölük
836;Olcay Başak Gözaçan
837;Serdar Bozkurt
838;Yıldız Öney Kurnaz
839;Aydın Ay Güney
840;Ali Haluk Köylü
841;Nihat Berkay Özmen Süner
842;Berkay Talan
843;Aykan Dumlu
844;Selçuk Kulaç
845;Mehmet Kaya
846;Nezih Selvi
847;Mustafa Akpınar
848;Timur Abacıoğlu
849;Erhan Çay
850;Mustafa Işık
851;Mutlu Özer
852;Mehmet Hüseyin Özdemir
853;İsmail Evren Öztürk
854;Osman Ersegun Terim
855;Mehmet Büyükcam
856;Elif Kulaksız
857;Serkan Aksel
858;Mesut Eroğlu
859;Mehmet Hilmi Karakum
860;Asudan Tuğçe Dal
861;Ahmet Gökhan Öcal
862;Başak Ayhan
863;Ceyhan Yiğit
864;Tayyip Yarbil
865;Esin Canacankatan
866;Gökçe Gümüşay
867;Evrim Murt
868;Yasin Halhallı
869;Saliha Uluöz
870;Deniz Şeyhanlı
871;Belgin Çalışkantürk
872;Özlem Yılmaz
873;Gonca Saraçoğlu
874;Esra Sezer
875;Seçkin Doğan
876;Esra Demir
877;Fatih Kayayurt
878;Mustafa Sürüm
879;Fevziye Yavaşi
880;Mustafa Arif Turgut
881;Birgül Şen Tanrıkulu
882;Özlem Barbaros
883;Özlem Aldinç
884;Funda Tekin
885;Berfin Gülşan
886;Demet Küfeciler
887;Sonay Almacıoğlu
888;Serçin Çildir
889;Almala Pınar Türkdoğan
890;Ümit Kaya
891;Senem Öner
892;Deniz Şeliman
893;Münever Yaman
894;Hatice Can
895;Özlem Yiğit
896;Özlem Giray
897;Ali Seçkin Yalçınkaya
898;Coşkun Kılıç
899;Özge Şentürk
900;Zeliha Karabağ
901;Pınar Değirmenci
902;Aybüke Boduroğlu
903;Hasibe Yıldız
904;Gürkan Güler
905;Zühal Eraslan
906;Nazım Üzer
907;Zeynep Pişirgen
908;Osman Adanır
909;Ayla Koç
910;Beyza Korkmaz
911;Elif Yenidoğan
912;Eray Aydoğan
913;Diana Acarbulut
914;Tuba Erge
915;Semra Erdoğan
916;Velat Öğüt Aydın
917;Belgin Emine Kuşku
918;Sibel Kucur Tülübaş
919;Celal Pektaş
920;Benhur Şirvan Kayacan
921;Dilek Gülen
922;Hande Doğan
923;Şahabettin Aydın Köseoğlu
924;Miray Gülen Akküçük
925;Zerrin Candan
926;İlknur Temel
927;Elif Yenigün
928;Mümtaz Yıldırım
929;Tuğba Beder
930;Dilek Akıncı
931;Mehmet Burhan Özdemir
932;Fuat Onuk
933;Nihal Aydoğan
934;Ayşegül Yılmaz
935;Sema Akcan Atasoy
936;Zafer Saraçoğlu Çekiç
937;Nursel Cömert
938;Gülperi Topal
939;Bilge Karahan
940;Fatih Şahin
941;Cengiz Çetin
942;Simge Yılmaz İnal
943;Sema Nilay Aytaç
944;Emine Yıldız Altun
945;Rifat Can Kişi
946;Sinan Gündüz
947;Latife Özkurt Pürcü
948;Mehmet Ak
949;Nurdan Urfalı
950;Meltem Karaman
951;Ülkühan Memetoğlu
952;Hasan Kazbek
953;Gülden Kireççi
954;Samet Akın
955;Berna Yadigaroğlu
956;Özlem Yüksel
957;Nafiye Özçelik Oral
958;Kenan Babuş
959;Serkan Fazlı Kaplan
960;Nursel Aköz
961;Abdullah Kartal
962;Ergül Bilgiç
963;Hasan Erden
964;Mustafa Tuğcugil
965;Sebahat Kumral
966;Emine Erbaş
967;Erdal Oral
968;Leziz Kılaç
969;Birsen Cengiz
970;Tuba Yıldırım
971;Ayşen Kutlucan Bağcı
972;Ebru Balaban
973;Tayfur Kaya
974;Meltem Balcı
975;Serhat Tüfekçi
976;Aycan Özden Atay
977;Elif Yarar
978;Sevgül Sever
979;Selda Yıldırım
980;Işıl Arslan Kaşdoğan
981;Sibel Arkan
982;Jülide Zehra Tutaş
983;Beril Gülüş Öztürk
984;İnci Havas
985;Engin Ortaç
986;Gülbahar Yıldız
987;Kaan Soykamer
988;Nurdan Bektaş
989;Hande Berk
990;Öznur Gül
991;Handan Gedik Yılmaz
992;Osman Turgut Cengiz
993;Emin Tonyukuk Çolak
994;Nejdet Bulut
995;Mustafa Sarı
996;Güliz Akyol
997;İpek Bağcık
998;Nihal Kutluyurdu
999;Melda Demirgan
1000;Derya Yiğit Kuplay
1001;Demet Gerilmez
1002;Mahmut Düzkalır
1003;Emel Köksoy
1004;Öznur Ersoy
1005;Songül Akar
1006;Resa Özdoğan
1007;Gamze Tönge
1008;Ümit Yasa
1009;Deniz Önvermez
1010;Muammer Müslim Yıldırım
1011;Ömer Faruk Biçer
1012;Tuğçe Karademir
1013;Veli Enes Alımlı
1014;Zahide Akgül
1015;Nurettin İrem Hancıoğlu
1016;Sedat Batçık
1017;Remziye Olpak
1018;Sibel Bolat
1019;Ekrem Arslan
1020;Yeliz Siğa
1021;Özgül Mercan
1022;Hale Bozkurter
1023;Berçem Güler
1024;Mustafa Erginel
1025;Tuba Şahin
1026;Sabahattin Kadak
1027;Şafak Güney Kocabaş
1028;Evrim Demir Aydın
1029;Reşat Hepkaya
1030;Mumun Bayram
1031;Funda Özlem Kanık Yüksek
1032;Nur Kulak Gedik
1033;Mete Akcan Paksoy
1034;Tülay Eser
1035;Özlem Kılıç Yıldırım
1036;Hatice Nilden Gider
1037;Meltem Kurt
1038;Eda Ellialtı
1039;Meltem Demirtaş
1040;Mustafa Arga
1041;Yurdun Başkan Vuralkan
1042;Sema Aluçlu
1043;Tuba Mutlu
1044;Serpil Şatır Ertem
1045;Cenk Engiz
1046;Taner Çipe
1047;Zekeriya Uysal
1048;Emrah Safa Başer
1049;Tuğrul Arslan
1050;Yücel Gözkaya
1051;Esma Özlem Ulutaş
1052;Ahmet Pirim
1053;Sevde Nur Üstün
1054;Sami Kızmazoğlu
1055;Gamze Uluba
1056;Gülsüm Arslan
1057;Serhat Karaoğlu
1058;Barış Özsoy
1059;Gülseren Yalçın
1060;Sultan Saf
1061;İlker Vural
1062;Deram Demirtaş
1063;Ahmet Gençpınar
1064;Bala Başak Akaslan
1065;Fevzi Akalın
1066;Gözde Atay
1067;Harun Önder Siviş
1068;Filiz Baymak
1069;Nuray Atay
1070;Şirin Güvenç
1071;Özlem Akca Çağlar
1072;Burcu Özcan
1073;Pınar Erdem Özcan
1074;Hatun Başman
1075;Ceyda Yanni
1076;Burcu Ünal
1077;Ayşe Gündoğdu
1078;Alper Çelik
1079;Feyza Usta Güç
1080;Hacı Murat Tanrıverdi Yılmaz
1081;Mücella Taşkın
1082;Feyzahan Çetin
1083;Şenay Yılmaz Çiftdoğan
1084;Merih Gazeteci Tekin
1085;Yusuf Sari
1086;Arda Karakoyun
1087;Evre Karakuş Epçaçan
1088;Konuralp Ekici
1089;Kıvanç Aydıner
1090;Emine Aktaş
1091;Volkan Belgemen
1092;Nihat Çetin
1093;Rengin Aslıhan Oflaz
1094;Emre Yener
1095;Arife Esra Baysoy
1096;Sedat Bükülmez
1097;Murat Yılmaz
1098;Cem Bıçakçı
1099;Erhan Kara
1100;Ömür Timurtaş Dayar
1101;Umut Can Ateş
1102;Bedrettin Binboğa
1103;Damla Kızıltepe
1104;Müslim Kaya
1105;Abdulkadir Abseyi
1106;Saadet Amirova Uçan
1107;Rezzan Öztürk
1108;Sedat Taş
1109;İbrahim Ceylan
1110;Leyla Kılıç
1111;Tülay Erol
1112;Şenay Tayfun
1113;Merih Kaya
1114;Yusuf Karakurt
1115;Arda Budunoğlu
1116;Evre Özer
1117;Konuralp Saygın
1118;Kıvanç Eryavuz
1119;Emine Polat Çiçek
1120;Volkan Yılmaz
1121;Nihat Çelik
1122;Rengin Aslıhan Ünsal
1123;Hatice Nilden Kaya
1124;Meltem Balcı
1125;Eda Tüfekçi
1126;Meltem Atay
1127;Mustafa Yarar
1128;Yurdun Sever
1129;Sema Yıldırım
1130;Tuba Arslan Kaşdoğan
1131;Serpil Arkan
1132;Eray Başman
1133;Diana Yanni
1134;Tuba Ünal
1135;Semra Gündoğdu
1136;Velat Çelik
1137;Belgin Emine Usta Güç
1138;Sibel Tanrıverdi Yılmaz
1139;Celal Taşkın
1140;Benhur Şirvan Çetin
1141;Dilek Yılmaz Çiftdoğan
1142;Hande Gazeteci Tekin
1143;Şahabettin Sari
1144;Miray Karakoyun
1145;Zerrin Karakuş Epçaçan
1146;İlknur Ekici
1147;Elif Aydıner
1148;Mümtaz Aktaş
1149;Tuğba Belgemen
1150;Dilek Çetin
1151;Mehmet Burhan Oflaz
1152;Gülşah Yavuz
1153;Nalan Erdem
1154;Semih Kulaç
1155;Ergün Kaya
1156;Fatih Selvi
1157;Şenay Akpınar
1158;Serkan Abacıoğlu
1159;Emre Çay
1160;Bahattin Işık
1161;Irazca Özer
1162;Hatice Özdemir
1163;Barış Öztürk
1164;Rezan Terim
1165;Fatih Büyükcam
1166;Fuat Kulaksız
1167;Gökhan Aksel
1168;Orhan Eroğlu
1169;Mehmet Karakum
1170;Oktay Öcal
1171;Harun Ayhan
1172;Yavuz Yiğit
1173;Fuat Yener
1174;Nihal Baysoy
1175;Ayşegül Bükülmez
1176;Sema Yılmaz
1177;Zafer Bıçakçı
1178;Nursel Kara
1179;Gülperi Timurtaş Dayar
1180;Bilge Ateş
1181;Fatih Binboğa
1182;Cengiz Kızıltepe
1183;Simge Kaya
1184;Sema Nilay Abseyi
1185;Rifat Can Öztürk
1186;Sinan Taş
1187;Latife Ceylan
1188;Mehmet Kılıç
1189;Nurdan Erol
1190;Meltem Tayfun
1191;Ülkühan Kaya
1192;Hasan Karakurt
1193;Samet Özer
1194;Berna Saygın
1195;Özlem Eryavuz
1196;Nafiye Polat Çiçek
1197;Kenan Yılmaz
1198;Serkan Fazlı Çelik
1199;Nursel Ünsal
1200;Abdullah Alpınar
1201;Ergül Cindemir
1202;Hasan Akduman
1203;Mustafa Uyar
1204;Sebahat Tülpar
1205;Emine Azak
1206;Erdal Eren
1207;Leziz Gözcü
1208;Birsen Baysal
1209;Tuba Tuncel
1210;Ayşen Çetemen
1211;Ebru Yılmaz
1212;Tayfur Giniş
1213;Meltem Uzun
1214;Serhat Nasıroğlu
1215;Aycan Özden Sezgin
